{"round_1": {"NBa-Scen2-Client-8": 0.9999956886460926, "NBa-Scen2-Client-2": 0.9975589845308183, "NBa-Scen2-Client-1": 0.995089590899607, "NBa-Scen2-Client-10": 0.9997360613220359, "NBa-Scen2-Client-5": 0.9991517396777486, "NBa-Scen2-Client-7": 0.9983955198240912, "NBa-Scen2-Client-6": 0.9999944315775813, "NBa-Scen2-Client-4": 0.9999944967022546, "NBa-Scen2-Client-9": 0.9969441309698023, "NBa-Scen2-Client-3": 0.999507522094043, "global_loss": 1.404545783996582, "join_clients": [6, 9, 0, 2, 4]}}
