{"round_1": {"NBa-Scen2-Client-8": 0.9999965509168741, "NBa-Scen2-Client-2": 0.9951972419772015, "NBa-Scen2-Client-1": 0.9942202292400676, "NBa-Scen2-Client-10": 0.9998574221932541, "NBa-Scen2-Client-5": 0.9991486757859758, "NBa-Scen2-Client-7": 0.9967858860716003, "NBa-Scen2-Client-6": 0.9999970016186976, "NBa-Scen2-Client-4": 0.9996143458272303, "NBa-Scen2-Client-9": 0.996143971199481, "NBa-Scen2-Client-3": 0.9980237637455307, "global_loss": 0.9992339611053467, "join_clients": [6, 9, 0, 2, 4]}}
